<?xml version="1.0" encoding="UTF-8" standalone="yes"?>
<addon id="plugin.video.TEX_AVERY"
       name="Tex Avery Collection"
       version="1.0"
       provider-name="CK">
  <requires>
    <import addon="xbmc.python" version="2.1.0"/>
  </requires>
  <extension point="xbmc.python.pluginsource"
            library="default.py">
        <provides>video</provides>
  </extension>
  <extension point="xbmc.addon.metadata">
    <summary lang="en">Tex Avery Collection</summary>
    <description lang="en">Cartoons</description>
    <disclaimer lang="en"></disclaimer>
    <platform>all</platform>
    <language>en</language>
    <license>GNU GENERAL PUBLIC LICENSE. Version 2, June 1991</license>
    <forum></forum>
    <website></website>
    <email></email>
    <source>CK</source>
  </extension>
</addon>
